{"cameraMode":{"drawMode":0,"name":"Shaded","section":"Shading Mode"},"sceneLighting":true,"audioPlay":false,"sceneViewState":{"m_AlwaysRefresh":false,"showFog":true,"showSkybox":true,"showFlares":true,"showImageEffects":true,"showParticleSystems":true,"showVisualEffectGraphs":true,"m_FxEnabled":true},"in2DMode":false,"pivot":{"x":-5.271642208099365,"y":2.617544174194336,"z":-0.8013473153114319},"rotation":{"x":-0.11096779257059097,"y":0.27698394656181338,"z":-0.03222184628248215,"w":-0.9539046287536621},"size":0.40180113911628725,"orthographic":false}