{"cameraMode":{"drawMode":0,"name":"Shaded","section":"Shading Mode"},"sceneLighting":false,"audioPlay":false,"sceneViewState":{"m_AlwaysRefresh":false,"showFog":false,"showSkybox":false,"showFlares":false,"showImageEffects":false,"showParticleSystems":false,"showVisualEffectGraphs":true,"m_FxEnabled":true},"in2DMode":false,"pivot":{"x":0.6600775718688965,"y":0.9042986035346985,"z":-0.49997830390930178},"rotation":{"x":-0.037996672093868259,"y":0.9582760334014893,"z":-0.15249326825141908,"w":-0.23877543210983277},"size":1.2219659090042115,"orthographic":false}